opportunity_id,name,account_id,owner_id,stage_id,amount,close_date,lead_source,forecast_category,is_closed,is_won
540f7ea4-9106-4552-8319-782c7bf2248b,Self-enabling discrete architecture Deal,293565a1-90e2-440c-bd1a-257e5373c6cf,4ac8ece6-da0f-4857-b691-10cf6dacca56,4,24443.78,2025-05-10,Inbound,Closed,True,False
016c543b-ac81-4045-94f9-78813f516682,Advanced didactic middleware Deal,03c3f251-2f2d-41ae-905c-a0fba8d72e87,e59b2c61-87cd-4584-a516-cf537e007e77,3,126535.58,2025-12-04,Referral,Commit,False,False
f26302ce-d5e2-4892-a290-d932e9efbae0,Centralized regional productivity Deal,27e16d77-7a5f-419a-8794-1219e246558d,d5890796-ac76-468e-92d8-09fd70046c44,5,18342.05,2025-09-03,Cold Outreach,Closed,True,True
cc308a85-fa3d-413e-9151-150db0eb4ec8,Seamless mission-critical protocol Deal,91c35e3a-0a55-4fc8-8a18-646d6a620527,29cfe3cb-f9b3-48a8-977d-1e56261b4f7d,1,13968.24,2025-11-20,Referral,Best Case,False,False
899c8875-7498-43df-a6c1-06aaf03c815a,Adaptive national neural-net Deal,718cb948-5664-405c-ba3d-ec59f8c15853,d3b6c0c8-89c5-44d9-8eb3-8f1e65e3a809,5,137951.07,2025-09-15,Cold Outreach,Pipeline,True,True
b349f2fb-b317-41cd-b373-96fec4e1993c,Ameliorated multi-tasking success Deal,1b446616-2104-4d15-b8c7-f7e1bba45632,4ac8ece6-da0f-4857-b691-10cf6dacca56,2,94924.23,2025-08-18,Referral,Closed,True,False
2ca9348c-001b-44eb-a54e-3a53acbdf9af,Horizontal 3rdgeneration middleware Deal,f88bbecc-cf82-4c2a-8e77-5408431e2cda,952ff225-55cf-4bb9-8fa5-a15a99370db1,1,91137.31,2025-06-29,Referral,Closed,True,False
e1b6ed42-b8a0-4d5f-9f1f-0e6d71a6e0fa,Synergistic intermediate workforce Deal,d345a43d-872a-4bfd-a1d2-54784fd84827,c80a00e5-95ef-44de-b514-aea8db6912a3,1,51255.11,2026-01-12,Partner,Best Case,False,False
2fd61cd4-9ec5-4d46-8f08-79698ef0f929,Enhanced bi-directional attitude Deal,aedee51b-2843-4446-974d-7b95f89cbf36,d5890796-ac76-468e-92d8-09fd70046c44,5,150308.57,2026-02-27,Cold Outreach,Closed,True,True
8462efc9-d500-4dfc-84ea-cfd836d2bbdb,Front-line content-based process improvement Deal,27e16d77-7a5f-419a-8794-1219e246558d,29cfe3cb-f9b3-48a8-977d-1e56261b4f7d,6,23946.97,2025-09-28,Referral,Closed,True,False
25e3c8fa-8eb2-415b-9088-8f3004d4d252,Multi-channeled encompassing utilization Deal,e8de9231-52f1-4955-a1f8-bade85b345c7,d3b6c0c8-89c5-44d9-8eb3-8f1e65e3a809,3,68710.23,2025-09-29,Cold Outreach,Closed,True,False
501b610a-c88d-41ae-b2c4-69ae12cdc767,Multi-layered impactful knowledgebase Deal,3fb65efb-3f5d-464d-b6e8-89a1013a007c,d3b6c0c8-89c5-44d9-8eb3-8f1e65e3a809,5,102849.98,2025-08-13,Referral,Best Case,True,True
7367cb02-2e2a-4fa9-87a5-223e0930ee79,Total directional framework Deal,c9f326b1-6491-4b1a-a979-ad0d2f224df5,e3203511-a249-4e5f-bf78-c6f03e33a5e9,1,32447.62,2025-10-13,Partner,Best Case,False,False
39a13da9-a832-443d-9f19-5caf1bca6aa2,Configurable solution-oriented projection Deal,a93e484e-6d8a-47a2-a402-dd34df876393,c80a00e5-95ef-44de-b514-aea8db6912a3,3,109631.6,2025-11-26,Referral,Closed,True,False
84c6b475-6211-4e02-9a6a-281c703b8bd9,Cross-group impactful implementation Deal,da30e153-d0bf-4ec4-a451-94d20b513d2c,4ac8ece6-da0f-4857-b691-10cf6dacca56,5,48166.6,2025-12-24,Referral,Commit,True,True
193798eb-ebc3-4161-abdf-b5b4f93403b6,Phased analyzing productivity Deal,322c2176-ce80-499a-996a-2453451c8fe3,459b46d9-0cd5-42f7-abf3-b24ed0094dda,4,27643.49,2025-08-06,Cold Outreach,Best Case,False,False
3eb35eca-d422-4264-9a19-38cff1dbec0f,Down-sized attitude-oriented methodology Deal,aedee51b-2843-4446-974d-7b95f89cbf36,4ac8ece6-da0f-4857-b691-10cf6dacca56,4,132709.77,2025-03-24,Partner,Closed,True,False
f142c12c-2440-4120-8153-8e018e683460,Stand-alone zero tolerance groupware Deal,322c2176-ce80-499a-996a-2453451c8fe3,c80a00e5-95ef-44de-b514-aea8db6912a3,4,91715.69,2026-01-24,Inbound,Closed,True,False
d5a90ec6-0f24-454b-a81c-c4fbb734d2e5,Cross-platform multi-tasking analyzer Deal,85a40263-1182-4656-b32d-2a1f6d5faf3a,4ac8ece6-da0f-4857-b691-10cf6dacca56,2,193800.34,2025-10-14,Inbound,Commit,False,False
e824e15e-12d5-472c-b210-8e50c27fbe2c,Team-oriented non-volatile leverage Deal,814f183a-2786-4c30-aa87-9165850aad3c,d3b6c0c8-89c5-44d9-8eb3-8f1e65e3a809,1,158424.95,2025-06-13,Partner,Closed,True,False
a18256f7-ac74-4fc4-bddc-96fd7dca9b54,Compatible systemic focus group Deal,1bfcc146-cc12-4d5d-916e-eb7c8658bad4,cfd43488-1975-45ad-9191-e49884bb93a3,5,47110.51,2025-06-28,Referral,Closed,True,True
deddb465-5bee-454d-8ba2-49ead95bb264,Re-contextualized stable alliance Deal,24d012e4-8041-4024-abfe-a46428fe865e,d3b6c0c8-89c5-44d9-8eb3-8f1e65e3a809,3,172389.19,2026-02-13,Partner,Closed,True,False
b0c48ebb-d1a0-4797-92d5-77cb7a97bf5d,Intuitive 3rdgeneration database Deal,7c5121bf-6fc1-43f6-862d-6a14c003e77d,cfd43488-1975-45ad-9191-e49884bb93a3,1,74857.24,2025-05-25,Partner,Closed,True,False
faf6b28b-f636-47ae-8c53-53c9a06fd23c,Versatile transitional infrastructure Deal,2883d03e-8799-49d0-a3c2-b445f8863258,e59b2c61-87cd-4584-a516-cf537e007e77,6,87087.31,2025-10-21,Webinar,Closed,True,False
97439ed1-1c7c-4f93-bccb-ae521efe591a,Innovative cohesive open system Deal,9e080023-b808-4ca9-885b-08eb98433a4c,29cfe3cb-f9b3-48a8-977d-1e56261b4f7d,4,103248.54,2026-02-23,Partner,Closed,True,False
4f83aeeb-49df-4c58-bc44-bdac8d0a4ccb,Networked systematic moratorium Deal,bf987fa1-20ad-402e-b466-d756d0ea60e5,4ac8ece6-da0f-4857-b691-10cf6dacca56,4,138789.01,2025-06-17,Inbound,Pipeline,False,False
de8c2a60-bfed-4af7-ad0f-25b6baf8fa58,Versatile user-facing challenge Deal,0fac961e-1768-471c-810e-9a84fd0da2fe,c80a00e5-95ef-44de-b514-aea8db6912a3,5,128449.96,2025-07-20,Webinar,Commit,True,True
20bdc0df-d20e-4fa3-8331-a446defcf483,Team-oriented uniform artificial intelligence Deal,8d254fd3-484d-42e9-9b16-cc1e4a2f696b,459b46d9-0cd5-42f7-abf3-b24ed0094dda,6,131928.75,2026-01-04,Cold Outreach,Closed,True,False
2bb270a8-b3c3-499f-8e5c-2888b91ca427,Monitored actuating attitude Deal,7b0c1c7a-68fc-43a0-b790-bf2fccf14e25,c80a00e5-95ef-44de-b514-aea8db6912a3,4,86117.98,2025-09-20,Webinar,Best Case,False,False
8b9f1f17-9930-43d5-be1e-f78c0fad6c5a,Compatible global portal Deal,7b530ff9-9180-4b65-8884-2d61e89c0d30,c80a00e5-95ef-44de-b514-aea8db6912a3,1,89215.92,2025-08-27,Cold Outreach,Closed,True,False
4bbbbd65-8656-4863-a0dd-8417baf0c4f6,Right-sized hybrid time-frame Deal,86ed522f-be80-4c95-b681-a14460220c5c,e3203511-a249-4e5f-bf78-c6f03e33a5e9,3,175353.44,2025-12-27,Inbound,Best Case,False,False
dcdd77ed-0620-4d40-84e3-5898ce7fd290,Sharable encompassing toolset Deal,85a40263-1182-4656-b32d-2a1f6d5faf3a,e59b2c61-87cd-4584-a516-cf537e007e77,6,99026.93,2025-07-18,Referral,Closed,True,False
abb9b64b-7db5-4696-b4af-9ec6a9b5c07f,Pre-emptive discrete help-desk Deal,4b7d58f3-9da4-4fc5-8dae-7e10c9a1bb37,952ff225-55cf-4bb9-8fa5-a15a99370db1,5,195036.59,2026-03-19,Partner,Commit,True,True
26611a12-f8f3-4a1c-8036-cd2ff2651518,Multi-tiered intermediate contingency Deal,1b5651f0-f9c2-4197-b01e-f491de2f0176,c80a00e5-95ef-44de-b514-aea8db6912a3,6,153669.86,2025-10-09,Referral,Pipeline,True,False
9a252e9e-e999-49e5-ac2e-1b393a0f9a97,Switchable homogeneous artificial intelligence Deal,fa1b9bdd-fc76-409b-b29e-4c32d2986f4d,29cfe3cb-f9b3-48a8-977d-1e56261b4f7d,1,32665.56,2025-11-24,Inbound,Commit,False,False
bbfb1933-15e2-4325-9ddb-84b06645fef8,Implemented dynamic structure Deal,ad8b116c-c984-4dcc-a53f-3b8e676cac7e,952ff225-55cf-4bb9-8fa5-a15a99370db1,3,145711.21,2025-12-28,Partner,Pipeline,False,False
5101a1d7-4768-4a6c-bb47-676f229db354,Future-proofed coherent implementation Deal,5e41d8cf-e84e-4905-b25e-69c1bf74ba65,e3203511-a249-4e5f-bf78-c6f03e33a5e9,6,20908.4,2025-04-16,Webinar,Closed,True,False
a5e3d56a-6d5b-4f9f-9aae-6eebab31ec1c,Sharable coherent support Deal,04d9f2ef-5a0c-4ef7-b2bf-25d951a8ac1f,952ff225-55cf-4bb9-8fa5-a15a99370db1,3,88833.16,2025-12-06,Webinar,Closed,True,False
e7344ddd-3200-4c86-ad5e-5f8022130309,Multi-lateral bi-directional array Deal,5a380e38-023f-4505-add3-b6ab303adb27,d3b6c0c8-89c5-44d9-8eb3-8f1e65e3a809,1,44862.51,2025-08-10,Referral,Closed,True,False
dbfedb45-984f-4d75-86dd-7352091d19d6,Integrated leadingedge hierarchy Deal,6f0880ec-d805-4a7a-af38-1106b3b0532d,cfd43488-1975-45ad-9191-e49884bb93a3,2,30191.21,2025-03-22,Partner,Commit,False,False
3406f2e9-7cd2-4121-b8ea-c3f06e4d865f,Customer-focused clear-thinking array Deal,3b3735ad-bab6-4d3b-a25a-25e3ebe494d7,c80a00e5-95ef-44de-b514-aea8db6912a3,1,94652.08,2025-12-24,Partner,Best Case,False,False
78692ce0-9a44-471d-8c9b-94aae89f0ea7,Organized next generation open architecture Deal,c73145ac-db21-44e5-9723-1858f013c7ef,4ac8ece6-da0f-4857-b691-10cf6dacca56,2,161257.82,2025-05-28,Referral,Pipeline,False,False
00ca8a7d-df72-46bb-adbd-790d1c9a0ae2,Customer-focused 4thgeneration array Deal,1bfcc146-cc12-4d5d-916e-eb7c8658bad4,d5890796-ac76-468e-92d8-09fd70046c44,5,20336.18,2025-09-24,Referral,Pipeline,True,True
b780c12e-8fc5-4b4c-93af-b55f3a17ab08,Cross-group radical policy Deal,adda02fa-0a49-43c8-9037-92a4353875e2,c80a00e5-95ef-44de-b514-aea8db6912a3,5,104440.65,2025-07-28,Referral,Closed,True,True
50f31a31-d933-42de-9b2e-ae5ba2b4881c,Networked 24/7 frame Deal,ea47b81e-80e8-4bfd-9f6d-a457b92413fc,e59b2c61-87cd-4584-a516-cf537e007e77,2,122467.8,2026-01-02,Cold Outreach,Closed,True,False
c64523e2-68ee-4ba5-b510-d11aa4cce915,Vision-oriented attitude-oriented success Deal,c5e9af02-7b22-4322-ac6e-664865315c69,952ff225-55cf-4bb9-8fa5-a15a99370db1,6,185210.08,2025-08-19,Referral,Commit,True,False
1a19b71d-8234-44cd-bba4-22bcc09f9722,Fully-configurable object-oriented model Deal,cf2f48be-2d49-4efb-a49e-6c594f0f5353,952ff225-55cf-4bb9-8fa5-a15a99370db1,6,64049.98,2026-02-13,Inbound,Best Case,True,False
8d0a9a1b-2d68-4d06-8ea4-ee62e457729f,Multi-tiered composite challenge Deal,e76e8d09-47ec-4f7f-8c15-5f10f81f07c2,e59b2c61-87cd-4584-a516-cf537e007e77,3,19962.55,2025-05-22,Partner,Commit,False,False
600e7f17-9ce3-4d54-be0a-398565c6aca6,Future-proofed modular circuit Deal,3c230bec-ceb1-41df-b2f2-ff5f5f5f1ac3,952ff225-55cf-4bb9-8fa5-a15a99370db1,5,132108.3,2025-06-27,Webinar,Commit,True,True
c400d2bd-1225-477b-99c3-9477e1945739,Optional even-keeled instruction set Deal,c8c375c7-a350-4bdc-ace4-40c3bf928ab1,459b46d9-0cd5-42f7-abf3-b24ed0094dda,3,196565.19,2025-04-13,Cold Outreach,Closed,True,False
c24edeba-750e-4250-9d6f-7eb2bffd8bd7,Compatible high-level extranet Deal,debcc6e8-b2b3-4ada-af5a-a67729d03426,c80a00e5-95ef-44de-b514-aea8db6912a3,5,106935.87,2025-07-08,Referral,Best Case,True,True
42d85d75-610e-45f0-a926-66fd2253d0b2,Up-sized responsive methodology Deal,da30e153-d0bf-4ec4-a451-94d20b513d2c,c80a00e5-95ef-44de-b514-aea8db6912a3,6,131224.54,2026-03-01,Inbound,Closed,True,False
4daac5b3-66eb-40ff-9ffb-bf96aee392e5,Exclusive logistical benchmark Deal,9f1c04d0-aedd-4a4c-893d-8395f2873dff,d3b6c0c8-89c5-44d9-8eb3-8f1e65e3a809,3,20892.89,2025-10-24,Referral,Closed,True,False
6d7bbde9-535f-481a-ba94-bde0d0dda12f,Adaptive hybrid groupware Deal,f1da6988-abf6-4286-ba18-38ee8792438c,c80a00e5-95ef-44de-b514-aea8db6912a3,3,113989.8,2025-05-09,Cold Outreach,Closed,True,False
205ab94d-ddce-4a63-8566-bacfdc29d9a4,Multi-tiered full-range intranet Deal,5a380e38-023f-4505-add3-b6ab303adb27,c80a00e5-95ef-44de-b514-aea8db6912a3,3,65228.88,2026-01-23,Webinar,Closed,True,False
2a8dd582-5d7c-43d1-80aa-1e95a9eac481,Streamlined radical challenge Deal,7c5121bf-6fc1-43f6-862d-6a14c003e77d,e59b2c61-87cd-4584-a516-cf537e007e77,1,62679.46,2025-07-21,Partner,Closed,True,False
86129e86-8502-4086-89ba-264f24678173,Robust system-worthy customer loyalty Deal,debcc6e8-b2b3-4ada-af5a-a67729d03426,d3b6c0c8-89c5-44d9-8eb3-8f1e65e3a809,5,78460.37,2025-07-08,Partner,Closed,True,True
f713d066-4c29-4128-9cfb-cbba251c0135,Enhanced hybrid functionalities Deal,5775990e-2bb1-4437-bda1-822fb71e961d,cfd43488-1975-45ad-9191-e49884bb93a3,4,76038.39,2025-09-12,Webinar,Closed,True,False
1ac5a2c4-ea86-478c-8528-0aece0542f3c,Team-oriented scalable matrix Deal,d345a43d-872a-4bfd-a1d2-54784fd84827,4ac8ece6-da0f-4857-b691-10cf6dacca56,2,76728.99,2025-07-05,Webinar,Best Case,False,False
b9543f6b-8b65-4678-926f-fe36767545f0,Fully-configurable fresh-thinking implementation Deal,1b446616-2104-4d15-b8c7-f7e1bba45632,29cfe3cb-f9b3-48a8-977d-1e56261b4f7d,5,31987.71,2026-03-10,Webinar,Closed,True,True
055abb20-da1b-4273-a562-1971a9050a68,Object-based high-level budgetary management Deal,debcc6e8-b2b3-4ada-af5a-a67729d03426,d5890796-ac76-468e-92d8-09fd70046c44,3,21355.65,2025-07-01,Webinar,Closed,True,False
ab198f21-8d8d-4b41-a380-a9885bb1492e,Exclusive optimizing moratorium Deal,03c3f251-2f2d-41ae-905c-a0fba8d72e87,459b46d9-0cd5-42f7-abf3-b24ed0094dda,1,85904.9,2026-02-25,Referral,Pipeline,False,False
9e769fa3-7acb-466b-bb4d-bafa1dafd95b,Visionary neutral algorithm Deal,52d7184b-b74e-43fc-93e7-e18915fdf689,c80a00e5-95ef-44de-b514-aea8db6912a3,1,168639.38,2025-05-25,Cold Outreach,Pipeline,False,False
fada7b63-021c-4588-88ef-189327bc4e02,Persistent tertiary database Deal,9e080023-b808-4ca9-885b-08eb98433a4c,29cfe3cb-f9b3-48a8-977d-1e56261b4f7d,6,96476.47,2026-03-04,Inbound,Closed,True,False
abe78827-0c12-4350-b9bb-5f7ce8a50cf5,Implemented system-worthy architecture Deal,66b953e3-1e63-4262-8e70-72a22fbf9a4e,459b46d9-0cd5-42f7-abf3-b24ed0094dda,5,188344.06,2025-08-28,Webinar,Closed,True,True
0e4c16d2-3f35-4080-a1ce-82ffc44e5754,Open-source systematic methodology Deal,322c2176-ce80-499a-996a-2453451c8fe3,e3203511-a249-4e5f-bf78-c6f03e33a5e9,3,28760.43,2026-01-14,Partner,Closed,True,False
b09ff02b-b0f3-456e-8d1b-7c58206d756a,Innovative disintermediate extranet Deal,322c2176-ce80-499a-996a-2453451c8fe3,d3b6c0c8-89c5-44d9-8eb3-8f1e65e3a809,6,105498.27,2025-05-10,Referral,Closed,True,False
72b78941-7840-4bea-a19a-3f3e258a3b39,Universal interactive utilization Deal,c8c375c7-a350-4bdc-ace4-40c3bf928ab1,459b46d9-0cd5-42f7-abf3-b24ed0094dda,2,134552.4,2025-11-17,Referral,Pipeline,False,False
5c4476f3-e88b-45a2-ad2f-ab9d886af26a,Organized radical matrices Deal,7229244e-53b0-4a2d-ac24-12f84f75c302,c80a00e5-95ef-44de-b514-aea8db6912a3,4,13489.21,2025-08-05,Referral,Commit,False,False
455f6bbe-512b-4db8-be6f-1beae8b7477c,Public-key motivating solution Deal,27e16d77-7a5f-419a-8794-1219e246558d,e59b2c61-87cd-4584-a516-cf537e007e77,2,147923.5,2025-10-20,Partner,Commit,False,False
0fa7bc5f-518d-4231-8317-202e3a27f896,Automated high-level standardization Deal,ad8b116c-c984-4dcc-a53f-3b8e676cac7e,4ac8ece6-da0f-4857-b691-10cf6dacca56,6,39142.38,2025-08-21,Webinar,Commit,True,False
20840e5f-2261-4330-a93d-10ac6aee819a,Public-key radical productivity Deal,a93e484e-6d8a-47a2-a402-dd34df876393,29cfe3cb-f9b3-48a8-977d-1e56261b4f7d,6,156357.13,2026-02-11,Referral,Closed,True,False
a5fad94a-f375-4816-9902-52e0eeea7d71,Customer-focused zero administration encryption Deal,b0e2de1c-dc57-42a8-b396-f1fabfaf094d,e3203511-a249-4e5f-bf78-c6f03e33a5e9,3,187007.34,2026-02-18,Partner,Closed,True,False
110ee367-fb9a-43bd-8001-8805b8e08259,Multi-channeled composite project Deal,de3adeab-4388-44bf-9925-3ca7c4ec1f17,c80a00e5-95ef-44de-b514-aea8db6912a3,3,173117.01,2025-11-16,Referral,Pipeline,False,False
c026b03e-4c89-4884-af03-6829208f3149,Re-contextualized secondary service-desk Deal,fc014bdd-dbc7-4630-8ff1-2eec3abff1d4,4ac8ece6-da0f-4857-b691-10cf6dacca56,3,194876.1,2025-10-31,Referral,Commit,False,False
5a212036-b45a-40fd-86b4-d677c2ec9fc1,Versatile full-range utilization Deal,76641e76-24cc-4abe-bce8-1fc12f987c6b,d3b6c0c8-89c5-44d9-8eb3-8f1e65e3a809,4,122478.39,2025-11-12,Partner,Closed,True,False
4823066b-e6e5-4167-bd62-8c4abe6f3b93,Advanced bandwidth-monitored firmware Deal,7fd44a0f-10d5-4151-bbb8-45670afaa586,e3203511-a249-4e5f-bf78-c6f03e33a5e9,3,91953.57,2025-08-25,Cold Outreach,Commit,False,False
859726f5-676a-4b70-8402-92240526f28c,User-friendly multi-state open architecture Deal,91c35e3a-0a55-4fc8-8a18-646d6a620527,29cfe3cb-f9b3-48a8-977d-1e56261b4f7d,3,129696.52,2025-06-10,Inbound,Commit,False,False
d313ac8d-16ee-4f5d-b3c7-57a7550e2051,Re-engineered directional knowledge user Deal,322c2176-ce80-499a-996a-2453451c8fe3,c80a00e5-95ef-44de-b514-aea8db6912a3,1,29614.85,2025-10-19,Referral,Best Case,False,False
fa10936b-feec-4a32-9346-b09563983dd5,Persistent zero administration service-desk Deal,8ed59a61-8764-4c36-8390-a96b95eb6f45,c80a00e5-95ef-44de-b514-aea8db6912a3,1,116914.75,2025-08-04,Webinar,Best Case,False,False
1f6618cb-0e1f-4f85-88ec-dfbfe53ed8d8,Profit-focused coherent hardware Deal,cce23fef-dc59-4113-9fb7-648fdc0ed846,e59b2c61-87cd-4584-a516-cf537e007e77,5,80462.54,2025-10-22,Referral,Best Case,True,True
84baf152-b728-43ce-8199-9865e07e6070,Polarized bi-directional frame Deal,3b3735ad-bab6-4d3b-a25a-25e3ebe494d7,4ac8ece6-da0f-4857-b691-10cf6dacca56,1,31467.04,2026-03-21,Cold Outreach,Closed,True,False
7f56dbea-989a-44c7-94ca-445a212fb617,Configurable bifurcated superstructure Deal,f2e88504-06ff-45be-ae68-2331dad9760f,d5890796-ac76-468e-92d8-09fd70046c44,5,110723.42,2025-08-20,Cold Outreach,Closed,True,True
b286a352-5e8d-4429-a9cc-0680e4accac6,Integrated global knowledgebase Deal,322c2176-ce80-499a-996a-2453451c8fe3,4ac8ece6-da0f-4857-b691-10cf6dacca56,2,159452.81,2025-05-11,Inbound,Closed,True,False
37c3883d-0e6f-4fd4-91d2-9420e3a215b3,Programmable mission-critical hardware Deal,da30e153-d0bf-4ec4-a451-94d20b513d2c,d5890796-ac76-468e-92d8-09fd70046c44,5,177428.06,2026-01-02,Webinar,Closed,True,True
df3e1bfc-ec77-4768-9d4e-9e6ac5db7530,Organic uniform standardization Deal,f1da6988-abf6-4286-ba18-38ee8792438c,e59b2c61-87cd-4584-a516-cf537e007e77,2,194614.05,2025-09-11,Webinar,Closed,True,False
ff2e007f-69d8-4c99-a3ba-8221176ec996,Cloned exuding analyzer Deal,293565a1-90e2-440c-bd1a-257e5373c6cf,29cfe3cb-f9b3-48a8-977d-1e56261b4f7d,2,89360.57,2025-09-02,Inbound,Closed,True,False
75ed1824-35ee-4b0c-816a-46aeaa47122d,Customizable 3rdgeneration Graphical User Interface Deal,85a40263-1182-4656-b32d-2a1f6d5faf3a,e59b2c61-87cd-4584-a516-cf537e007e77,5,179510.55,2026-01-11,Referral,Pipeline,True,True
8edfa3e9-082f-4bda-ba1b-ec746a6f1d5f,Synergistic composite support Deal,660cde69-ef9e-4641-891d-5dfe235df1ae,952ff225-55cf-4bb9-8fa5-a15a99370db1,5,129992.55,2025-11-13,Cold Outreach,Closed,True,True
0a8e3a2b-b895-4dc9-9182-f60fb10aee7a,Enhanced neutral complexity Deal,e76e8d09-47ec-4f7f-8c15-5f10f81f07c2,29cfe3cb-f9b3-48a8-977d-1e56261b4f7d,5,13032.89,2025-06-18,Inbound,Pipeline,True,True
e4325cb7-795d-48e8-9d0b-8718d577e79c,Optimized maximized emulation Deal,fc014bdd-dbc7-4630-8ff1-2eec3abff1d4,459b46d9-0cd5-42f7-abf3-b24ed0094dda,5,129603.28,2025-07-20,Referral,Commit,True,True
050881ad-6d76-4f33-9df3-f5b741bcbe39,Self-enabling contextually-based contingency Deal,dc41563c-f28e-425a-90c9-5c65711686db,d3b6c0c8-89c5-44d9-8eb3-8f1e65e3a809,4,19229.74,2026-01-06,Webinar,Best Case,False,False
5a456568-b96a-4c2c-a3b6-816d44f7bc73,Optional hybrid algorithm Deal,5d7506f0-2adf-4da6-abf1-3d2802e5152f,c80a00e5-95ef-44de-b514-aea8db6912a3,3,172989.59,2025-11-10,Webinar,Closed,True,False
15c51013-b552-4084-8c90-c170a94630bb,Exclusive local parallelism Deal,f64f0691-0288-4708-a663-04f9a625be4e,d5890796-ac76-468e-92d8-09fd70046c44,3,52138.88,2025-12-15,Webinar,Closed,True,False
01786235-276b-4528-b760-900c2ecbb16c,Adaptive tertiary data-warehouse Deal,e76e8d09-47ec-4f7f-8c15-5f10f81f07c2,952ff225-55cf-4bb9-8fa5-a15a99370db1,3,189350.05,2025-08-25,Webinar,Closed,True,False
b592df72-14dd-411b-a054-4e2175b15f2f,Versatile tertiary workforce Deal,f3a0fe66-5208-4e5e-bba3-2f38a17aaf10,d3b6c0c8-89c5-44d9-8eb3-8f1e65e3a809,5,145620.04,2025-06-04,Webinar,Commit,True,True
bee7f353-0415-47f7-86fe-07db0113593e,Re-engineered bi-directional website Deal,322c2176-ce80-499a-996a-2453451c8fe3,cfd43488-1975-45ad-9191-e49884bb93a3,4,103561.67,2026-01-06,Partner,Closed,True,False
e00bbb88-a5e6-4cfc-8057-56a023da771f,Enterprise-wide high-level Graphic Interface Deal,85a40263-1182-4656-b32d-2a1f6d5faf3a,e59b2c61-87cd-4584-a516-cf537e007e77,3,109654.7,2026-02-03,Webinar,Pipeline,False,False
b58ce6e9-1ee5-42bc-ba31-b6de6c325494,Customizable empowering secured line Deal,c5e9af02-7b22-4322-ac6e-664865315c69,459b46d9-0cd5-42f7-abf3-b24ed0094dda,1,83113.42,2025-06-01,Cold Outreach,Best Case,False,False
efabab83-42e2-4203-877c-e4a5b1dee259,Progressive scalable functionalities Deal,f64f0691-0288-4708-a663-04f9a625be4e,d3b6c0c8-89c5-44d9-8eb3-8f1e65e3a809,5,137677.73,2026-01-30,Inbound,Best Case,True,True
08db2a16-bca7-41c9-b8a9-4d8c983b5a33,Seamless hybrid parallelism Deal,30394e4e-73e5-4164-a125-6c6d15fb0a1c,459b46d9-0cd5-42f7-abf3-b24ed0094dda,2,122480.28,2025-10-25,Inbound,Closed,True,False
74e48a59-0788-4289-af9a-aa6bfc23e637,Multi-channeled logistical process improvement Deal,4a947cf0-a1b9-42a6-a00d-e4159408c67e,952ff225-55cf-4bb9-8fa5-a15a99370db1,4,106269.88,2025-05-01,Partner,Pipeline,False,False
44e73124-4213-4e61-9ad2-a296de2c2787,Synergistic tertiary website Deal,2b0ab2ee-035d-4cab-9916-c9cee81221e5,952ff225-55cf-4bb9-8fa5-a15a99370db1,5,149167.28,2025-05-23,Referral,Commit,True,True
2d8d7b27-70d2-42b9-8dc3-5bb5e84f3994,Seamless optimizing artificial intelligence Deal,2883d03e-8799-49d0-a3c2-b445f8863258,e3203511-a249-4e5f-bf78-c6f03e33a5e9,3,69591.72,2025-07-07,Partner,Closed,True,False
d70f531d-890b-49ca-a397-b8a075b28402,Intuitive bottom-line encoding Deal,ad8b116c-c984-4dcc-a53f-3b8e676cac7e,952ff225-55cf-4bb9-8fa5-a15a99370db1,6,157666.28,2025-11-21,Partner,Pipeline,True,False
13849701-900d-45bc-849b-4a0d5b276eca,Enterprise-wide holistic solution Deal,814f183a-2786-4c30-aa87-9165850aad3c,29cfe3cb-f9b3-48a8-977d-1e56261b4f7d,2,165223.95,2025-07-10,Partner,Commit,False,False
4176a686-bdb5-4815-a744-05977df15583,Networked intangible policy Deal,62a4dd81-bd1e-4cf5-b238-9e0c1d65eac0,cfd43488-1975-45ad-9191-e49884bb93a3,3,86662.16,2025-05-11,Webinar,Commit,False,False
0e45709f-e890-486c-a42a-f8eff1e26ead,Networked interactive contingency Deal,9f1c04d0-aedd-4a4c-893d-8395f2873dff,4ac8ece6-da0f-4857-b691-10cf6dacca56,5,68384.66,2025-05-10,Partner,Closed,True,True
3ad17249-73b1-4dea-9422-4839bfdffbb8,Public-key system-worthy project Deal,8d254fd3-484d-42e9-9b16-cc1e4a2f696b,d5890796-ac76-468e-92d8-09fd70046c44,5,74085.96,2025-09-15,Partner,Best Case,True,True
e453ee05-7841-4235-b5bc-4f78880d1d11,Enhanced next generation concept Deal,2b0ab2ee-035d-4cab-9916-c9cee81221e5,d5890796-ac76-468e-92d8-09fd70046c44,2,188589.68,2026-02-24,Cold Outreach,Commit,False,False
2887329c-580c-46d3-bd9e-62663ba805cd,Devolved contextually-based functionalities Deal,9924ac2a-fa9e-4a40-b861-232103d62374,e3203511-a249-4e5f-bf78-c6f03e33a5e9,1,116827.98,2025-09-16,Webinar,Best Case,False,False
6292d9f5-019a-44d8-a3cf-48ab2becaff5,Secured actuating help-desk Deal,79e7737a-488c-438a-8578-a09a6277a5e2,4ac8ece6-da0f-4857-b691-10cf6dacca56,6,20410.74,2026-01-23,Referral,Commit,True,False
fb7ec1fc-39f7-4bb0-85d5-7e90b06e4917,Pre-emptive client-driven core Deal,da2f5df5-37f6-422e-a425-4f405c713430,e59b2c61-87cd-4584-a516-cf537e007e77,5,140753.4,2026-03-04,Partner,Commit,True,True
e3c9b5c5-7442-4b31-93db-a0bc7f2fd900,Realigned motivating projection Deal,7fd44a0f-10d5-4151-bbb8-45670afaa586,4ac8ece6-da0f-4857-b691-10cf6dacca56,1,85593.77,2026-01-13,Inbound,Closed,True,False
27cc7859-6fc7-4a9d-aa96-c50a84d0d1a5,Synergized mobile instruction set Deal,fe0c9bc4-73cc-4fef-bb4f-65d8aa270c4b,4ac8ece6-da0f-4857-b691-10cf6dacca56,6,187331.26,2025-09-18,Webinar,Commit,True,False
5f20ac73-adcc-4836-8ae2-2d80db83f6ee,Organic mobile concept Deal,293565a1-90e2-440c-bd1a-257e5373c6cf,e59b2c61-87cd-4584-a516-cf537e007e77,3,130950.09,2025-12-05,Partner,Pipeline,False,False
cf5212bc-1dbc-4ae0-814c-aecc907750b5,Assimilated well-modulated definition Deal,718cb948-5664-405c-ba3d-ec59f8c15853,d5890796-ac76-468e-92d8-09fd70046c44,4,158652.32,2025-04-20,Inbound,Closed,True,False
88776afd-765f-4f0c-b6cc-d0f2419e4bc3,Grass-roots directional monitoring Deal,f1da6988-abf6-4286-ba18-38ee8792438c,459b46d9-0cd5-42f7-abf3-b24ed0094dda,3,60489.52,2025-07-05,Partner,Closed,True,False
7f5846bb-c717-4015-8d0d-cbf88afe4acd,Vision-oriented logistical open system Deal,2883d03e-8799-49d0-a3c2-b445f8863258,c80a00e5-95ef-44de-b514-aea8db6912a3,3,42598.22,2025-07-04,Cold Outreach,Commit,False,False
cf3ea160-cb49-4790-aa7e-7613af47b900,Visionary modular neural-net Deal,b3ceffd0-2e16-4b01-8940-f7df94e5b5c4,952ff225-55cf-4bb9-8fa5-a15a99370db1,6,70736.87,2025-12-17,Cold Outreach,Closed,True,False
d373302a-2c60-485b-9553-5e22330ed571,Re-engineered bifurcated flexibility Deal,30394e4e-73e5-4164-a125-6c6d15fb0a1c,e59b2c61-87cd-4584-a516-cf537e007e77,5,68945.7,2025-09-23,Cold Outreach,Pipeline,True,True
7845e9fc-0c97-475f-8c83-cd22ad26e622,Multi-lateral needs-based system engine Deal,3fb65efb-3f5d-464d-b6e8-89a1013a007c,c80a00e5-95ef-44de-b514-aea8db6912a3,2,92113.43,2025-12-29,Referral,Commit,False,False
43d58041-c2e4-4f1d-baea-3c8e120eefdd,Up-sized leadingedge moratorium Deal,9ed38ecf-01f3-46e3-b09b-07225794de45,d3b6c0c8-89c5-44d9-8eb3-8f1e65e3a809,6,28053.85,2025-04-05,Webinar,Closed,True,False
79cbb880-b8ab-4563-8990-7c64095144f8,Optimized bi-directional support Deal,da2f5df5-37f6-422e-a425-4f405c713430,4ac8ece6-da0f-4857-b691-10cf6dacca56,5,48065.6,2025-06-08,Cold Outreach,Best Case,True,True
bd0fb6d7-a512-4560-837d-2093905ce321,Versatile dynamic framework Deal,07bdb12d-b2f3-4350-a096-387e41ae9218,e59b2c61-87cd-4584-a516-cf537e007e77,2,137666.67,2026-01-18,Partner,Closed,True,False
f23d4dd4-2fa2-4224-9552-4250acb9e1d7,Automated local firmware Deal,adda02fa-0a49-43c8-9037-92a4353875e2,459b46d9-0cd5-42f7-abf3-b24ed0094dda,1,166610.94,2026-02-04,Cold Outreach,Closed,True,False
0461b4f6-c293-4831-82b4-0a1951a8f8fe,Cross-group leadingedge capability Deal,7fd44a0f-10d5-4151-bbb8-45670afaa586,952ff225-55cf-4bb9-8fa5-a15a99370db1,1,137657.57,2025-07-26,Webinar,Pipeline,False,False
9b0b7f8f-1c9a-4ef2-84f4-6c143842828c,Front-line demand-driven workforce Deal,2c5d0c16-3140-4147-b6d2-896dd3e0e28d,d5890796-ac76-468e-92d8-09fd70046c44,5,16258.67,2025-12-29,Inbound,Best Case,True,True
0b5f715d-2a27-4003-a1f5-c364194d1613,Team-oriented grid-enabled strategy Deal,4a7b6196-4317-4ddc-8634-ecd737a76d71,e59b2c61-87cd-4584-a516-cf537e007e77,1,87620.99,2025-12-15,Partner,Closed,True,False
75fb324a-c90a-4c7a-b2f1-be06e504d4ce,Optimized composite pricing structure Deal,718cb948-5664-405c-ba3d-ec59f8c15853,d3b6c0c8-89c5-44d9-8eb3-8f1e65e3a809,1,60982.69,2025-10-30,Webinar,Best Case,False,False
459dc0bb-a10f-4ce7-addd-0a64f37f4d14,Expanded demand-driven workforce Deal,f64f0691-0288-4708-a663-04f9a625be4e,d3b6c0c8-89c5-44d9-8eb3-8f1e65e3a809,6,172755.88,2025-05-10,Partner,Closed,True,False
940b95dd-4b47-4876-bfc9-93a031034e48,Monitored national focus group Deal,2c5d0c16-3140-4147-b6d2-896dd3e0e28d,459b46d9-0cd5-42f7-abf3-b24ed0094dda,1,195805.68,2025-04-11,Webinar,Closed,True,False
8479e84e-9f20-4e83-9ccf-53912be3f9ca,Down-sized fresh-thinking strategy Deal,5775990e-2bb1-4437-bda1-822fb71e961d,e59b2c61-87cd-4584-a516-cf537e007e77,2,187795.02,2025-10-25,Inbound,Commit,False,False
f00e21b2-2c68-4b25-bc9e-7c5b3280615d,Re-engineered encompassing migration Deal,97d4e685-6359-4fd7-873d-0a3538b8af50,952ff225-55cf-4bb9-8fa5-a15a99370db1,1,120819.11,2025-07-06,Inbound,Closed,True,False
09e8242e-d03e-42f4-83a2-acdf54e721f5,Synergistic bandwidth-monitored challenge Deal,5a380e38-023f-4505-add3-b6ab303adb27,29cfe3cb-f9b3-48a8-977d-1e56261b4f7d,4,50696.16,2026-03-16,Cold Outreach,Commit,False,False
add01b03-0a16-4d03-989c-d770643f15d2,Open-source analyzing focus group Deal,24d012e4-8041-4024-abfe-a46428fe865e,459b46d9-0cd5-42f7-abf3-b24ed0094dda,2,63844.06,2026-03-08,Cold Outreach,Best Case,False,False
3487c49f-f38d-49a9-b632-8c76ab95d104,De-engineered tangible capacity Deal,cce23fef-dc59-4113-9fb7-648fdc0ed846,4ac8ece6-da0f-4857-b691-10cf6dacca56,6,137356.27,2026-02-01,Inbound,Closed,True,False
f28ad36f-5eeb-47b8-b71e-e359482cf64f,Universal fresh-thinking encryption Deal,4a947cf0-a1b9-42a6-a00d-e4159408c67e,d5890796-ac76-468e-92d8-09fd70046c44,6,86183.3,2025-06-20,Webinar,Pipeline,True,False
80eabd66-7f36-44e2-85e2-f3b1be4dc38b,Synergistic hybrid matrix Deal,e8de9231-52f1-4955-a1f8-bade85b345c7,459b46d9-0cd5-42f7-abf3-b24ed0094dda,1,114665.26,2025-12-24,Partner,Pipeline,False,False
67338470-b0d3-4da3-862c-fd1287980ff3,Self-enabling encompassing product Deal,3be95b11-c8b9-4fdf-b0a8-4bfe24742971,459b46d9-0cd5-42f7-abf3-b24ed0094dda,4,170191.01,2025-05-12,Cold Outreach,Closed,True,False
31f86b84-a3fc-466d-90e6-b9d10cb65b6c,Organized asynchronous productivity Deal,ea47b81e-80e8-4bfd-9f6d-a457b92413fc,952ff225-55cf-4bb9-8fa5-a15a99370db1,1,41691.84,2025-08-19,Partner,Closed,True,False
d3119206-28a0-4be8-aa29-502525a2cbda,Visionary background initiative Deal,7b2f9025-a70a-4a5a-913f-a5e7e758fe76,cfd43488-1975-45ad-9191-e49884bb93a3,3,191618.85,2026-01-05,Cold Outreach,Commit,False,False
b4c67525-c487-423a-b260-0bad6a00a6e0,Grass-roots system-worthy hub Deal,810eed78-4619-48f3-9259-277bf323b926,e3203511-a249-4e5f-bf78-c6f03e33a5e9,6,122858.3,2025-09-25,Cold Outreach,Closed,True,False
12f6a4c5-f8d5-4a2c-b8ef-41e63b1c030d,Pre-emptive fresh-thinking paradigm Deal,fe0c9bc4-73cc-4fef-bb4f-65d8aa270c4b,4ac8ece6-da0f-4857-b691-10cf6dacca56,3,75130.7,2025-09-03,Webinar,Pipeline,False,False
e1dd5e5b-2732-4bf5-ba25-b3110444814d,Vision-oriented upward-trending array Deal,c9f326b1-6491-4b1a-a979-ad0d2f224df5,d3b6c0c8-89c5-44d9-8eb3-8f1e65e3a809,1,114692.32,2025-03-21,Inbound,Best Case,False,False
01dec3f7-08ab-493b-a290-a0cf18fc1136,Persevering scalable secured line Deal,c5e9af02-7b22-4322-ac6e-664865315c69,cfd43488-1975-45ad-9191-e49884bb93a3,3,49853.63,2025-12-13,Webinar,Closed,True,False
9e302969-2820-4808-9211-84e2a5efeef4,Cloned national infrastructure Deal,8ba5166f-4121-41d1-b984-99d5ac2420c8,d3b6c0c8-89c5-44d9-8eb3-8f1e65e3a809,2,147890.59,2025-12-01,Cold Outreach,Commit,False,False
193183ee-aa23-43e6-9855-bcf4220286f9,Optimized didactic methodology Deal,63de697b-a672-4a42-9596-d6d07b7125b5,29cfe3cb-f9b3-48a8-977d-1e56261b4f7d,1,189311.68,2025-06-08,Inbound,Closed,True,False
4ff6d4e0-53ab-4f7c-aa0d-8b01929d2b11,Horizontal global neural-net Deal,b873a003-2978-444f-9b53-d1149177426e,29cfe3cb-f9b3-48a8-977d-1e56261b4f7d,2,103617.92,2025-06-27,Partner,Closed,True,False
8952dfb8-174a-4447-a9ba-f8a568611144,Re-contextualized mobile toolset Deal,62a4dd81-bd1e-4cf5-b238-9e0c1d65eac0,29cfe3cb-f9b3-48a8-977d-1e56261b4f7d,1,108781.43,2025-10-18,Inbound,Closed,True,False
8d625a34-f94d-4877-a851-36f5a769e294,Synergized well-modulated application Deal,7b0c1c7a-68fc-43a0-b790-bf2fccf14e25,459b46d9-0cd5-42f7-abf3-b24ed0094dda,2,25868.2,2025-07-24,Cold Outreach,Pipeline,False,False
ea0581e8-d8d3-4d49-b7d6-b795a5428569,Self-enabling zero tolerance knowledgebase Deal,03c3f251-2f2d-41ae-905c-a0fba8d72e87,e59b2c61-87cd-4584-a516-cf537e007e77,3,57128.32,2025-04-06,Referral,Best Case,False,False
1847166b-bf41-4862-8c59-9fa8c5ac2718,Diverse leadingedge knowledgebase Deal,c8c375c7-a350-4bdc-ace4-40c3bf928ab1,29cfe3cb-f9b3-48a8-977d-1e56261b4f7d,6,166472.11,2025-03-26,Inbound,Best Case,True,False
4a5d5713-b531-415d-a93e-bfb01071e94f,Optimized dedicated solution Deal,fc014bdd-dbc7-4630-8ff1-2eec3abff1d4,e3203511-a249-4e5f-bf78-c6f03e33a5e9,6,38419.8,2025-03-21,Referral,Closed,True,False
987f3f83-8177-46c4-acb6-e1eedaf0426e,Streamlined exuding complexity Deal,82ce8ce7-160a-4743-8b4a-0ae3ab0b5964,952ff225-55cf-4bb9-8fa5-a15a99370db1,2,180748.23,2026-02-16,Webinar,Closed,True,False
942f00ee-352d-4ab2-9b1d-6ddd6e91d234,Grass-roots background projection Deal,5d7506f0-2adf-4da6-abf1-3d2802e5152f,29cfe3cb-f9b3-48a8-977d-1e56261b4f7d,2,186109.44,2026-02-04,Cold Outreach,Closed,True,False
e13be9b9-60c1-4714-8d81-acc858b7af4c,Configurable holistic secured line Deal,7229244e-53b0-4a2d-ac24-12f84f75c302,459b46d9-0cd5-42f7-abf3-b24ed0094dda,5,167756.86,2025-07-30,Referral,Closed,True,True
fbadd433-9953-40d5-b27d-67f51b72a5ba,Down-sized actuating infrastructure Deal,d6cd74f3-390a-4fc6-8ebb-35fe42b01a8e,e59b2c61-87cd-4584-a516-cf537e007e77,1,24048.73,2026-02-14,Referral,Commit,False,False
15b2174f-7827-4cd6-9c0c-9ff09a54bffb,Up-sized tangible system engine Deal,0fac961e-1768-471c-810e-9a84fd0da2fe,e3203511-a249-4e5f-bf78-c6f03e33a5e9,4,49486.99,2025-11-04,Webinar,Pipeline,False,False
f0daeb6f-8f2c-4520-98a3-3d0ffb333d62,Streamlined background strategy Deal,9bd979ee-c3e2-4bed-945a-697f8810178d,d3b6c0c8-89c5-44d9-8eb3-8f1e65e3a809,1,57254.55,2025-06-14,Webinar,Closed,True,False
89541b34-a326-4767-b50e-863409b91424,Extended mission-critical archive Deal,3fb65efb-3f5d-464d-b6e8-89a1013a007c,e59b2c61-87cd-4584-a516-cf537e007e77,4,75183.91,2025-04-24,Cold Outreach,Pipeline,False,False
f28dd4e4-7f94-454f-9c8f-eec7eb251a14,Face-to-face multi-state software Deal,8ba5166f-4121-41d1-b984-99d5ac2420c8,459b46d9-0cd5-42f7-abf3-b24ed0094dda,1,10121.07,2025-05-08,Inbound,Commit,False,False
65b120e0-86b8-4b73-a0db-e3c351cd8c29,Advanced tangible Graphical User Interface Deal,5775990e-2bb1-4437-bda1-822fb71e961d,459b46d9-0cd5-42f7-abf3-b24ed0094dda,4,156937.98,2025-08-30,Cold Outreach,Commit,False,False
e21cb119-4676-4e3e-85cd-3a2e24fd33aa,Optimized system-worthy capacity Deal,ae44ad45-9a93-4cfe-ac30-30ccf933758f,e3203511-a249-4e5f-bf78-c6f03e33a5e9,4,33457.29,2026-01-14,Referral,Best Case,False,False
0790af75-4b13-44d7-8c59-61eeb0b866fa,Focused human-resource array Deal,07bdb12d-b2f3-4350-a096-387e41ae9218,952ff225-55cf-4bb9-8fa5-a15a99370db1,6,126881.57,2025-09-11,Cold Outreach,Closed,True,False
92801d7a-fa0b-4026-bfea-b7e0926d2442,Customer-focused bi-directional functionalities Deal,9bd979ee-c3e2-4bed-945a-697f8810178d,c80a00e5-95ef-44de-b514-aea8db6912a3,3,169114.61,2025-12-13,Webinar,Best Case,False,False
58469717-b442-4bd9-811a-ca3b65eed77c,Innovative client-driven implementation Deal,a4def9ba-b78c-4c1b-8caf-07f11e4fab98,4ac8ece6-da0f-4857-b691-10cf6dacca56,5,189719.39,2025-08-02,Referral,Pipeline,True,True
d6fb6fbc-9aa0-4dbc-8a5d-251394dace83,Versatile client-driven project Deal,4b7d58f3-9da4-4fc5-8dae-7e10c9a1bb37,e3203511-a249-4e5f-bf78-c6f03e33a5e9,3,78330.78,2025-12-29,Referral,Closed,True,False
8a252fbc-4edb-424f-911f-c0ee4e132985,Digitized asymmetric moderator Deal,718cb948-5664-405c-ba3d-ec59f8c15853,459b46d9-0cd5-42f7-abf3-b24ed0094dda,5,199466.66,2026-03-19,Inbound,Closed,True,True
54caf866-e6cd-4361-9406-d8faeab0ba36,Seamless solution-oriented concept Deal,fa1b9bdd-fc76-409b-b29e-4c32d2986f4d,d5890796-ac76-468e-92d8-09fd70046c44,6,102364.13,2025-10-13,Cold Outreach,Best Case,True,False
11b39f95-d55d-45de-a58a-1d0ed4f3d30c,Up-sized didactic product Deal,0ac4449b-a24f-4ac2-9462-5fc7ff19ed9e,e3203511-a249-4e5f-bf78-c6f03e33a5e9,5,83156.99,2025-08-29,Partner,Pipeline,True,True
66a162a7-4222-4d62-be00-1589a79970f4,Open-source reciprocal software Deal,8ba5166f-4121-41d1-b984-99d5ac2420c8,d3b6c0c8-89c5-44d9-8eb3-8f1e65e3a809,2,133232.32,2025-12-19,Partner,Closed,True,False
1d847c4e-812d-4e75-8fba-4cb309603e5f,Extended background attitude Deal,7b0c1c7a-68fc-43a0-b790-bf2fccf14e25,d5890796-ac76-468e-92d8-09fd70046c44,4,25659.19,2025-08-29,Cold Outreach,Commit,False,False
565b8a1f-cb33-4b39-b5a5-39bd508fd0c4,Decentralized optimizing superstructure Deal,68c21e14-47fc-438d-8d2b-a9338ab127a6,952ff225-55cf-4bb9-8fa5-a15a99370db1,4,95297.33,2025-05-11,Partner,Pipeline,False,False
c8be7188-8419-4315-86b1-636308ba4580,Optimized foreground utilization Deal,7fc73164-ec61-4d59-b827-a088ce9f0024,d3b6c0c8-89c5-44d9-8eb3-8f1e65e3a809,1,27633.52,2025-08-08,Referral,Best Case,False,False
fbefb9a5-77c5-48e4-ae0d-e1ff911b4193,Grass-roots secondary artificial intelligence Deal,5775990e-2bb1-4437-bda1-822fb71e961d,4ac8ece6-da0f-4857-b691-10cf6dacca56,4,24036.49,2025-05-11,Referral,Pipeline,False,False
fbee58d4-783b-47b1-bef8-fe9de0de6a45,Right-sized radical success Deal,cb3f35fb-682b-4d4c-858c-ed696b329811,cfd43488-1975-45ad-9191-e49884bb93a3,6,161009.77,2025-06-19,Partner,Closed,True,False
244988da-edb3-4e03-a772-89f7c8a6e07b,Vision-oriented system-worthy algorithm Deal,2c5d0c16-3140-4147-b6d2-896dd3e0e28d,cfd43488-1975-45ad-9191-e49884bb93a3,5,88142.03,2025-10-29,Webinar,Commit,True,True
10f6faa5-b5a2-4dd4-8871-6ed690a52bef,Switchable exuding database Deal,a5d975f7-b1bc-473b-85b1-647ba9a108be,cfd43488-1975-45ad-9191-e49884bb93a3,1,148790.73,2026-01-25,Webinar,Commit,False,False
ae40c581-a2e4-442d-a102-9b794b208aa8,Profound content-based synergy Deal,8fd23f0f-3741-4bac-b6a8-92e67656ef2c,e59b2c61-87cd-4584-a516-cf537e007e77,3,151703.47,2025-09-26,Partner,Closed,True,False
73df42a7-7084-44da-86cb-da83c3b54e83,Stand-alone actuating toolset Deal,a93e484e-6d8a-47a2-a402-dd34df876393,e59b2c61-87cd-4584-a516-cf537e007e77,3,68567.06,2025-08-11,Referral,Closed,True,False
a048482b-f9b4-4487-b7c1-9affec7cabd8,Front-line modular info-mediaries Deal,8ba5166f-4121-41d1-b984-99d5ac2420c8,4ac8ece6-da0f-4857-b691-10cf6dacca56,5,27275.25,2026-02-12,Partner,Pipeline,True,True
c1ffcc49-5e72-46c0-8be3-1038dd7ece1a,Proactive scalable policy Deal,9ed38ecf-01f3-46e3-b09b-07225794de45,e59b2c61-87cd-4584-a516-cf537e007e77,3,27983.02,2025-05-01,Cold Outreach,Closed,True,False
02d3e7f9-a79c-45fd-9bfd-3645910f4e53,Advanced high-level functionalities Deal,7229244e-53b0-4a2d-ac24-12f84f75c302,e3203511-a249-4e5f-bf78-c6f03e33a5e9,5,31884.12,2025-04-15,Cold Outreach,Best Case,True,True
dab8f1e8-3297-4bce-a786-239b9ceaf7d4,Re-contextualized intangible hierarchy Deal,97d4e685-6359-4fd7-873d-0a3538b8af50,952ff225-55cf-4bb9-8fa5-a15a99370db1,2,66343.1,2025-05-08,Inbound,Closed,True,False
e3be4816-d1a7-4037-8e3c-94c4dbc5ede2,Enhanced well-modulated leverage Deal,fc014bdd-dbc7-4630-8ff1-2eec3abff1d4,e3203511-a249-4e5f-bf78-c6f03e33a5e9,5,103560.41,2025-10-06,Webinar,Best Case,True,True
f47de94d-fec9-4e7d-afa9-f6cd471d2359,Visionary asynchronous adapter Deal,cf2f48be-2d49-4efb-a49e-6c594f0f5353,cfd43488-1975-45ad-9191-e49884bb93a3,2,61957.53,2026-03-05,Partner,Closed,True,False
235010e0-625d-492f-939b-f50c2669b7a7,Advanced empowering data-warehouse Deal,ad8b116c-c984-4dcc-a53f-3b8e676cac7e,459b46d9-0cd5-42f7-abf3-b24ed0094dda,5,27270.3,2025-10-21,Referral,Closed,True,True
7a5c3ec9-c43c-44db-8eb8-8a13108d1a2b,Centralized hybrid middleware Deal,52d7184b-b74e-43fc-93e7-e18915fdf689,cfd43488-1975-45ad-9191-e49884bb93a3,1,148517.8,2025-04-04,Referral,Pipeline,False,False
5df22784-a4f3-4f4f-bb8e-3fc443c645f0,Universal motivating throughput Deal,322c2176-ce80-499a-996a-2453451c8fe3,cfd43488-1975-45ad-9191-e49884bb93a3,1,156248.17,2025-07-03,Partner,Commit,False,False
dab4ae0b-618d-429b-a4f9-8d23f370051e,Total impactful artificial intelligence Deal,810eed78-4619-48f3-9259-277bf323b926,cfd43488-1975-45ad-9191-e49884bb93a3,5,32150.82,2025-08-20,Inbound,Closed,True,True
0006ce3f-932c-4095-addc-b72e74e8d9c1,Public-key reciprocal collaboration Deal,d345a43d-872a-4bfd-a1d2-54784fd84827,d5890796-ac76-468e-92d8-09fd70046c44,6,62063.77,2025-11-10,Partner,Commit,True,False
38e85fe2-ceed-4eb4-814d-bb89079d79d1,Integrated attitude-oriented migration Deal,1e59583d-a7ac-42cf-b927-92d159a9191e,d3b6c0c8-89c5-44d9-8eb3-8f1e65e3a809,3,174074.28,2025-06-30,Cold Outreach,Closed,True,False
1925c35e-4b48-4a52-a728-85ac21c935b8,Distributed national Graphic Interface Deal,24d012e4-8041-4024-abfe-a46428fe865e,952ff225-55cf-4bb9-8fa5-a15a99370db1,6,81576.65,2026-02-21,Referral,Closed,True,False
e6eb430d-91d4-4afa-befa-8d2a59190bf9,Sharable well-modulated projection Deal,82ce8ce7-160a-4743-8b4a-0ae3ab0b5964,c80a00e5-95ef-44de-b514-aea8db6912a3,5,151211.46,2025-08-11,Webinar,Best Case,True,True
affc8d22-783a-423f-ac69-5432a18107ef,Cloned fault-tolerant standardization Deal,8ba5166f-4121-41d1-b984-99d5ac2420c8,e59b2c61-87cd-4584-a516-cf537e007e77,6,134508.05,2025-11-25,Partner,Best Case,True,False
b710ada1-5470-42d6-97e4-dd6bfde8c3b7,Front-line analyzing encryption Deal,04d9f2ef-5a0c-4ef7-b2bf-25d951a8ac1f,c80a00e5-95ef-44de-b514-aea8db6912a3,3,67958.7,2025-08-28,Partner,Commit,False,False
bda9f428-4cd8-41a0-b77c-6da294192bad,Optional bifurcated knowledgebase Deal,d0f17a53-4613-4aa4-92f5-84c5153145bd,e59b2c61-87cd-4584-a516-cf537e007e77,6,153639.53,2025-04-21,Webinar,Pipeline,True,False
a4a48685-9539-4908-aaad-58e4d257211c,Centralized fault-tolerant secured line Deal,acccfa73-68c1-4f6a-9039-45ebf8ad58cc,cfd43488-1975-45ad-9191-e49884bb93a3,4,5131.81,2025-10-31,Cold Outreach,Commit,False,False
9a3bab39-b3ec-4ad5-a502-024c170986be,User-centric context-sensitive capability Deal,adda02fa-0a49-43c8-9037-92a4353875e2,d3b6c0c8-89c5-44d9-8eb3-8f1e65e3a809,1,77509.53,2025-12-17,Inbound,Best Case,False,False
588e17de-f254-422b-947c-024232d18ed0,Devolved tangible access Deal,1e59583d-a7ac-42cf-b927-92d159a9191e,952ff225-55cf-4bb9-8fa5-a15a99370db1,2,97977.31,2025-03-25,Cold Outreach,Closed,True,False
1543519b-3ae2-45c0-a9b8-f06942b077e3,Monitored multi-state model Deal,c313d77f-f343-433c-9c71-d5384abe6695,e59b2c61-87cd-4584-a516-cf537e007e77,4,140336.05,2025-05-19,Cold Outreach,Closed,True,False
630a50d4-6477-4fec-950c-5cf517081c0c,Up-sized empowering concept Deal,ad8b116c-c984-4dcc-a53f-3b8e676cac7e,d3b6c0c8-89c5-44d9-8eb3-8f1e65e3a809,3,31740.21,2026-01-01,Cold Outreach,Pipeline,False,False
e443fb22-9f17-4d56-b890-ffbc9920f1a7,User-friendly zero-defect flexibility Deal,1b5651f0-f9c2-4197-b01e-f491de2f0176,e3203511-a249-4e5f-bf78-c6f03e33a5e9,6,150912.42,2025-08-04,Partner,Closed,True,False
fc359b0e-994b-4dea-812c-d6bf09fe75be,Decentralized zero administration algorithm Deal,5d7506f0-2adf-4da6-abf1-3d2802e5152f,d3b6c0c8-89c5-44d9-8eb3-8f1e65e3a809,3,192833.5,2025-12-14,Cold Outreach,Best Case,False,False
e842fcb9-c523-490b-8031-77ebb54ecf3f,Optimized encompassing moderator Deal,85a40263-1182-4656-b32d-2a1f6d5faf3a,d5890796-ac76-468e-92d8-09fd70046c44,6,10230.76,2025-07-21,Cold Outreach,Commit,True,False
4c8ace89-3601-4948-b007-a6f153e8b59f,Universal object-oriented product Deal,322c2176-ce80-499a-996a-2453451c8fe3,4ac8ece6-da0f-4857-b691-10cf6dacca56,4,80247.69,2025-04-13,Partner,Closed,True,False
4cb9ca29-e287-4cea-be71-029c28aca3c3,Persevering multimedia hierarchy Deal,e76e8d09-47ec-4f7f-8c15-5f10f81f07c2,952ff225-55cf-4bb9-8fa5-a15a99370db1,3,30736.66,2025-04-18,Webinar,Best Case,False,False
6749beda-d5dc-43f6-85c1-41f5d6c89ec0,Re-contextualized composite hub Deal,c8f20d96-2fb1-4c37-9f10-deccb1e375f7,cfd43488-1975-45ad-9191-e49884bb93a3,5,18168.85,2025-04-10,Inbound,Closed,True,True
b1cef87b-7030-4852-80b1-fbecd25832b3,Visionary bi-directional orchestration Deal,8d254fd3-484d-42e9-9b16-cc1e4a2f696b,e3203511-a249-4e5f-bf78-c6f03e33a5e9,6,143962.67,2025-05-17,Webinar,Commit,True,False
354eec68-c767-4f0c-971c-a578f59bede5,Customizable discrete support Deal,c8c375c7-a350-4bdc-ace4-40c3bf928ab1,459b46d9-0cd5-42f7-abf3-b24ed0094dda,3,21301.43,2025-11-22,Cold Outreach,Closed,True,False
64bcc137-5321-4f52-805c-2f65a4758cf9,Balanced 24/7 encryption Deal,aedee51b-2843-4446-974d-7b95f89cbf36,e59b2c61-87cd-4584-a516-cf537e007e77,5,128687.38,2025-09-23,Referral,Commit,True,True
e40b0dc6-b101-40d9-a314-b1fc362485ba,Multi-lateral human-resource collaboration Deal,9e080023-b808-4ca9-885b-08eb98433a4c,952ff225-55cf-4bb9-8fa5-a15a99370db1,4,27617.38,2025-04-06,Inbound,Closed,True,False
a1aa39b5-56c3-4691-a899-2b5fc333c695,Automated neutral website Deal,fc014bdd-dbc7-4630-8ff1-2eec3abff1d4,c80a00e5-95ef-44de-b514-aea8db6912a3,6,7213.37,2025-05-25,Partner,Closed,True,False
04b23231-9979-42c1-8f95-f0919b1f0601,User-centric solution-oriented instruction set Deal,acccfa73-68c1-4f6a-9039-45ebf8ad58cc,d5890796-ac76-468e-92d8-09fd70046c44,1,70327.15,2026-02-18,Partner,Closed,True,False
149ad736-7500-49a2-b794-23b9f0b50eb0,Fully-configurable intangible success Deal,4ce06bb1-4016-4ed4-86ec-83df81cd4cfd,29cfe3cb-f9b3-48a8-977d-1e56261b4f7d,4,93763.57,2025-06-11,Webinar,Closed,True,False
aa2f9e79-b5f3-4436-bc07-8d229aef1311,Compatible object-oriented hub Deal,4b709327-bee6-48f5-bc26-f16eea9e7b62,29cfe3cb-f9b3-48a8-977d-1e56261b4f7d,2,149452.09,2025-07-16,Inbound,Closed,True,False
58fd00f7-00c5-4826-a339-3a50e9ff12b9,Synergistic actuating conglomeration Deal,d8bfaf42-a983-43e6-8837-c614ddaca5c1,29cfe3cb-f9b3-48a8-977d-1e56261b4f7d,4,184444.18,2025-05-03,Partner,Commit,False,False
9a4bd35c-62c9-49c1-bb5d-9201188fa431,Programmable 6thgeneration initiative Deal,d345a43d-872a-4bfd-a1d2-54784fd84827,c80a00e5-95ef-44de-b514-aea8db6912a3,3,166069.41,2025-06-10,Inbound,Commit,False,False
44fad280-e2d8-491b-b61c-c54dc4d8e8b1,Persistent executive time-frame Deal,2c5d0c16-3140-4147-b6d2-896dd3e0e28d,d5890796-ac76-468e-92d8-09fd70046c44,4,18440.66,2025-04-15,Referral,Closed,True,False
3791c924-7acc-48a3-b0ae-8fa196062b49,Inverse background neural-net Deal,7c5121bf-6fc1-43f6-862d-6a14c003e77d,d5890796-ac76-468e-92d8-09fd70046c44,2,61861.04,2026-01-24,Partner,Pipeline,False,False
823a3ca8-5a27-41eb-a9f0-b4abe0f448a9,Multi-layered dedicated frame Deal,62a4dd81-bd1e-4cf5-b238-9e0c1d65eac0,29cfe3cb-f9b3-48a8-977d-1e56261b4f7d,2,6243.69,2025-09-04,Cold Outreach,Closed,True,False
9e848b1f-dbfa-4893-a1cc-2bcaf337d64a,Innovative user-facing process improvement Deal,322c2176-ce80-499a-996a-2453451c8fe3,e3203511-a249-4e5f-bf78-c6f03e33a5e9,1,45012.9,2025-10-13,Webinar,Pipeline,False,False
f4b286af-9ef3-459f-a591-c46c11107b1e,Multi-layered optimizing methodology Deal,f2e88504-06ff-45be-ae68-2331dad9760f,459b46d9-0cd5-42f7-abf3-b24ed0094dda,1,184648.51,2025-06-17,Webinar,Closed,True,False
0aebfd0f-56cf-4d42-9374-692d6d5e7040,Vision-oriented dedicated superstructure Deal,3b3735ad-bab6-4d3b-a25a-25e3ebe494d7,952ff225-55cf-4bb9-8fa5-a15a99370db1,6,164892.76,2026-03-21,Partner,Closed,True,False
81dcbed9-a3e1-40a9-801c-487feb454518,Virtual dynamic collaboration Deal,5d7506f0-2adf-4da6-abf1-3d2802e5152f,e3203511-a249-4e5f-bf78-c6f03e33a5e9,3,55893.23,2026-02-13,Referral,Closed,True,False
ef631dc9-56b4-41c0-b76f-3751f9301004,Open-source 4thgeneration emulation Deal,548229ea-2d9e-4100-80f8-1a67e5225b6e,e59b2c61-87cd-4584-a516-cf537e007e77,2,157087.71,2025-03-23,Cold Outreach,Closed,True,False
c828f130-32e4-46b6-861d-3b92cda59e6a,Sharable system-worthy access Deal,6f0880ec-d805-4a7a-af38-1106b3b0532d,c80a00e5-95ef-44de-b514-aea8db6912a3,3,84269.95,2025-10-05,Cold Outreach,Best Case,False,False
a560f5ea-bd78-46cd-9648-f779403bfffd,Adaptive well-modulated protocol Deal,2b0ab2ee-035d-4cab-9916-c9cee81221e5,952ff225-55cf-4bb9-8fa5-a15a99370db1,2,162481.4,2026-03-04,Inbound,Closed,True,False
2dd054bc-428e-41b9-98df-b5d6f50a64c9,User-centric upward-trending function Deal,8ba5166f-4121-41d1-b984-99d5ac2420c8,e3203511-a249-4e5f-bf78-c6f03e33a5e9,1,143675.69,2025-08-05,Partner,Closed,True,False
2d278840-8c36-45f0-97e9-7f0d6dcffead,Progressive disintermediate instruction set Deal,30394e4e-73e5-4164-a125-6c6d15fb0a1c,4ac8ece6-da0f-4857-b691-10cf6dacca56,2,11061.01,2025-04-28,Partner,Commit,False,False
9169000f-7b29-4761-bc79-8ac84fff79cd,Centralized client-server structure Deal,ad8b116c-c984-4dcc-a53f-3b8e676cac7e,cfd43488-1975-45ad-9191-e49884bb93a3,1,17025.49,2025-09-17,Cold Outreach,Closed,True,False
1bcf2d8a-837a-48d9-bc52-a55b80393876,Balanced discrete model Deal,f1da6988-abf6-4286-ba18-38ee8792438c,e59b2c61-87cd-4584-a516-cf537e007e77,6,127908.02,2025-07-01,Partner,Commit,True,False
dd5ca1f9-1ea1-4c69-8149-1895f88d5c5f,Multi-layered logistical synergy Deal,1e59583d-a7ac-42cf-b927-92d159a9191e,e59b2c61-87cd-4584-a516-cf537e007e77,6,91469.11,2025-08-19,Referral,Closed,True,False
a664fdc8-c47f-42ef-96b9-43a39a6ec1d1,Cross-platform motivating challenge Deal,11d30148-2e86-4cc0-9190-fa5bfe1ea3f9,e3203511-a249-4e5f-bf78-c6f03e33a5e9,2,185205.69,2025-04-21,Webinar,Closed,True,False
d1ca620d-df80-48f0-87fb-63ac3b1f5128,Object-based asynchronous parallelism Deal,718cb948-5664-405c-ba3d-ec59f8c15853,d5890796-ac76-468e-92d8-09fd70046c44,3,46869.64,2025-11-09,Referral,Closed,True,False
78fb3b1d-c3e2-489b-9455-dd9923c8fcc2,Optional stable capacity Deal,62a4dd81-bd1e-4cf5-b238-9e0c1d65eac0,459b46d9-0cd5-42f7-abf3-b24ed0094dda,6,62545.51,2025-10-14,Webinar,Closed,True,False
ddba744c-b1ee-4c76-9726-aaf48c64d9a5,Fundamental foreground website Deal,f1da6988-abf6-4286-ba18-38ee8792438c,459b46d9-0cd5-42f7-abf3-b24ed0094dda,2,86750.79,2025-06-15,Cold Outreach,Commit,False,False
3cad7eb4-a4b7-490f-b19b-1af529e46e69,User-centric fresh-thinking functionalities Deal,0ac4449b-a24f-4ac2-9462-5fc7ff19ed9e,c80a00e5-95ef-44de-b514-aea8db6912a3,3,182972.02,2025-08-11,Webinar,Best Case,False,False
cd397ec7-aa26-4458-a830-fcf17533e6c9,Focused asynchronous customer loyalty Deal,ad8b116c-c984-4dcc-a53f-3b8e676cac7e,d5890796-ac76-468e-92d8-09fd70046c44,1,179674.13,2025-09-02,Inbound,Closed,True,False
b1f7fd2e-395c-488c-92e4-404f63275954,Visionary optimal benchmark Deal,9f1c04d0-aedd-4a4c-893d-8395f2873dff,cfd43488-1975-45ad-9191-e49884bb93a3,2,24526.2,2025-05-09,Referral,Closed,True,False
9ac3601e-203c-4f9f-a5c7-8b3ad7437e36,Down-sized local Local Area Network Deal,660cde69-ef9e-4641-891d-5dfe235df1ae,c80a00e5-95ef-44de-b514-aea8db6912a3,2,39339.57,2025-05-16,Referral,Commit,False,False
d4d16b10-c6e7-43b4-afe9-2872df2f2eba,Decentralized national help-desk Deal,85f881f5-4d41-453e-b6d9-0b7cde62cff9,4ac8ece6-da0f-4857-b691-10cf6dacca56,5,189931.86,2025-07-13,Partner,Closed,True,True
64bf5a6f-f226-497a-9301-6e0ba78b6fa3,Expanded local function Deal,978c600d-fd09-44fa-8926-19c9b272e310,459b46d9-0cd5-42f7-abf3-b24ed0094dda,2,122324.24,2026-03-09,Webinar,Closed,True,False
1c201a23-25ad-40ca-b6d2-6536faa73558,Decentralized background complexity Deal,d8bfaf42-a983-43e6-8837-c614ddaca5c1,c80a00e5-95ef-44de-b514-aea8db6912a3,2,71448.01,2025-09-06,Inbound,Closed,True,False
383d64bc-b488-47ab-94f2-559859d96d48,Innovative tertiary standardization Deal,e76e8d09-47ec-4f7f-8c15-5f10f81f07c2,c80a00e5-95ef-44de-b514-aea8db6912a3,1,170063.77,2026-01-10,Inbound,Closed,True,False
07757d1a-926c-4f52-98c6-18e355d854fd,Extended fresh-thinking circuit Deal,debcc6e8-b2b3-4ada-af5a-a67729d03426,e3203511-a249-4e5f-bf78-c6f03e33a5e9,3,67907.62,2025-10-27,Webinar,Commit,False,False
b66b8f5a-c352-4c59-8ad9-35b90502198b,Fully-configurable heuristic infrastructure Deal,4b7d58f3-9da4-4fc5-8dae-7e10c9a1bb37,d3b6c0c8-89c5-44d9-8eb3-8f1e65e3a809,2,134778.68,2025-04-23,Webinar,Best Case,False,False
c2499585-c36f-4cda-b030-55e251a13f02,Synergistic exuding firmware Deal,66b953e3-1e63-4262-8e70-72a22fbf9a4e,c80a00e5-95ef-44de-b514-aea8db6912a3,5,11314.63,2025-09-24,Partner,Pipeline,True,True
f9a54f5d-709d-4dc1-b6db-d42022c75d58,Enhanced 4thgeneration initiative Deal,5d7506f0-2adf-4da6-abf1-3d2802e5152f,d3b6c0c8-89c5-44d9-8eb3-8f1e65e3a809,2,72627.97,2026-01-15,Inbound,Closed,True,False
1e43b2d4-5043-4dae-8660-bc9dcd8089d8,Realigned value-added neural-net Deal,1b446616-2104-4d15-b8c7-f7e1bba45632,e59b2c61-87cd-4584-a516-cf537e007e77,6,18219.98,2026-01-27,Inbound,Closed,True,False
e9d421da-4a5a-4c37-878e-4505b4469e4c,Persistent bi-directional website Deal,fc014bdd-dbc7-4630-8ff1-2eec3abff1d4,e3203511-a249-4e5f-bf78-c6f03e33a5e9,2,177487.64,2025-06-20,Referral,Commit,False,False
80db36a7-9e80-4104-acc5-9764b725ec09,Decentralized 24/7 approach Deal,add9bd66-a5d5-4342-92ab-1e9c008a6003,29cfe3cb-f9b3-48a8-977d-1e56261b4f7d,2,93001.05,2026-01-05,Referral,Closed,True,False
b858d7dd-65a8-4f43-ac55-5f8ecb17508f,Face-to-face clear-thinking customer loyalty Deal,a5d975f7-b1bc-473b-85b1-647ba9a108be,e3203511-a249-4e5f-bf78-c6f03e33a5e9,1,71652.6,2026-01-18,Cold Outreach,Closed,True,False
102b4eac-2193-4703-a1c1-17b9480e5e37,Multi-layered systemic product Deal,52d7184b-b74e-43fc-93e7-e18915fdf689,d3b6c0c8-89c5-44d9-8eb3-8f1e65e3a809,6,11043.67,2026-01-16,Partner,Best Case,True,False
64eebab5-dac4-4af0-bdcd-07e2ff352870,Configurable optimal parallelism Deal,62a4dd81-bd1e-4cf5-b238-9e0c1d65eac0,459b46d9-0cd5-42f7-abf3-b24ed0094dda,2,195007.69,2026-02-27,Partner,Best Case,False,False
2449145d-d52b-4d80-9400-0d7c371cea0f,Compatible 3rdgeneration architecture Deal,4b709327-bee6-48f5-bc26-f16eea9e7b62,e3203511-a249-4e5f-bf78-c6f03e33a5e9,2,15628.45,2025-06-23,Inbound,Best Case,False,False
24c3dcf5-8acc-43fe-adb1-0a13fb4b40a6,Stand-alone leadingedge workforce Deal,c8c375c7-a350-4bdc-ace4-40c3bf928ab1,4ac8ece6-da0f-4857-b691-10cf6dacca56,2,129447.18,2025-06-01,Inbound,Closed,True,False
a445ee5e-783f-4861-8a88-40b2591f6751,Managed bottom-line analyzer Deal,7229244e-53b0-4a2d-ac24-12f84f75c302,d3b6c0c8-89c5-44d9-8eb3-8f1e65e3a809,1,130163.94,2025-05-07,Referral,Best Case,False,False
0cc3335b-9014-493b-9ffe-a0c41cc5ec5c,Business-focused composite orchestration Deal,85f881f5-4d41-453e-b6d9-0b7cde62cff9,d5890796-ac76-468e-92d8-09fd70046c44,4,56363.16,2026-02-28,Partner,Pipeline,False,False
80294093-0cf3-4733-8ec3-badd89c7f132,Up-sized hybrid methodology Deal,9924ac2a-fa9e-4a40-b861-232103d62374,e3203511-a249-4e5f-bf78-c6f03e33a5e9,6,72039.32,2025-08-26,Partner,Closed,True,False
8282e890-337f-4934-8842-5ff3632d8943,Synergized interactive conglomeration Deal,6f0880ec-d805-4a7a-af38-1106b3b0532d,4ac8ece6-da0f-4857-b691-10cf6dacca56,5,86633.25,2025-03-31,Partner,Pipeline,True,True
5f0c7066-f131-409f-90d7-f6a764ddbddf,Enterprise-wide even-keeled focus group Deal,97d4e685-6359-4fd7-873d-0a3538b8af50,d3b6c0c8-89c5-44d9-8eb3-8f1e65e3a809,1,190104.69,2025-07-28,Cold Outreach,Closed,True,False
599737af-bffd-4c69-9e1a-b2ac6648eb2c,Distributed 5thgeneration pricing structure Deal,0d9594dd-21ef-483c-8cdc-36a0d494aa59,e3203511-a249-4e5f-bf78-c6f03e33a5e9,1,87558.11,2025-08-31,Cold Outreach,Closed,True,False
3510a556-bad2-4c1e-a4a3-99e69402180f,Fully-configurable secondary frame Deal,0fac961e-1768-471c-810e-9a84fd0da2fe,c80a00e5-95ef-44de-b514-aea8db6912a3,4,113491.02,2025-11-02,Referral,Closed,True,False
f744af9e-0eaf-435a-824e-d7a1cdfb3e7d,Reactive mission-critical approach Deal,24d012e4-8041-4024-abfe-a46428fe865e,952ff225-55cf-4bb9-8fa5-a15a99370db1,1,85816.27,2025-09-19,Partner,Commit,False,False
a5e70c51-5dcb-4b13-9b0b-9ea0cffc0410,Networked client-driven instruction set Deal,fe0c9bc4-73cc-4fef-bb4f-65d8aa270c4b,c80a00e5-95ef-44de-b514-aea8db6912a3,3,174157.68,2025-04-22,Webinar,Closed,True,False
837d717b-34eb-41ee-8618-4590c0801998,Progressive dynamic product Deal,30394e4e-73e5-4164-a125-6c6d15fb0a1c,d3b6c0c8-89c5-44d9-8eb3-8f1e65e3a809,1,38578.95,2025-06-02,Partner,Commit,False,False
dcf0be24-1a97-43c8-aafb-0b79b178191e,Quality-focused 3rdgeneration implementation Deal,1b5651f0-f9c2-4197-b01e-f491de2f0176,d5890796-ac76-468e-92d8-09fd70046c44,1,150421.21,2026-03-19,Referral,Closed,True,False
3680c507-5cd0-4f2f-afe7-b4da28eab8c0,Multi-channeled mission-critical moratorium Deal,e1a3b266-4665-48de-b610-4ffceadbb421,e59b2c61-87cd-4584-a516-cf537e007e77,3,169355.08,2026-01-01,Cold Outreach,Pipeline,False,False
a26e79f5-8270-492d-be89-0b6d49233fad,Monitored non-volatile middleware Deal,f1da6988-abf6-4286-ba18-38ee8792438c,e59b2c61-87cd-4584-a516-cf537e007e77,6,86270.68,2026-01-01,Cold Outreach,Best Case,True,False
8c998c5d-afa5-4d46-ad22-bbf9674e9d9b,Future-proofed contextually-based algorithm Deal,76641e76-24cc-4abe-bce8-1fc12f987c6b,29cfe3cb-f9b3-48a8-977d-1e56261b4f7d,5,174101.85,2025-07-16,Partner,Pipeline,True,True
ecbdd74f-19c4-4278-bb2a-fbd211e6420f,Face-to-face 4thgeneration workforce Deal,8ed59a61-8764-4c36-8390-a96b95eb6f45,952ff225-55cf-4bb9-8fa5-a15a99370db1,2,157200.7,2025-07-15,Inbound,Pipeline,False,False
56f8b378-557b-4390-affe-f2f153e524b6,Centralized methodical moderator Deal,de3adeab-4388-44bf-9925-3ca7c4ec1f17,c80a00e5-95ef-44de-b514-aea8db6912a3,2,11448.85,2025-12-30,Cold Outreach,Closed,True,False
884fb297-84b0-404d-bd1a-d1520e8d6deb,Reduced discrete complexity Deal,b873a003-2978-444f-9b53-d1149177426e,4ac8ece6-da0f-4857-b691-10cf6dacca56,6,10959.82,2025-07-29,Partner,Closed,True,False
b6c42703-c359-42d3-9203-06ab9d73d972,Switchable disintermediate flexibility Deal,f2e88504-06ff-45be-ae68-2331dad9760f,d5890796-ac76-468e-92d8-09fd70046c44,3,36885.15,2025-04-26,Inbound,Best Case,False,False
2c95c6c6-d0ee-4097-97fd-99f68c5bebf3,User-centric analyzing task-force Deal,5a380e38-023f-4505-add3-b6ab303adb27,cfd43488-1975-45ad-9191-e49884bb93a3,5,157066.88,2025-10-02,Cold Outreach,Closed,True,True
e493e870-d5cb-47a3-83c6-0916c7ea791b,Face-to-face object-oriented website Deal,f1da6988-abf6-4286-ba18-38ee8792438c,d3b6c0c8-89c5-44d9-8eb3-8f1e65e3a809,4,182745.51,2026-03-20,Partner,Closed,True,False
9b8a8024-eda4-414d-b16a-c7b844783d16,Enhanced context-sensitive encoding Deal,f1da6988-abf6-4286-ba18-38ee8792438c,d5890796-ac76-468e-92d8-09fd70046c44,6,193569.77,2025-08-10,Webinar,Best Case,True,False
e4cc2fd5-783e-4e77-9d56-9f3635968eb4,User-centric tangible help-desk Deal,c73145ac-db21-44e5-9723-1858f013c7ef,e3203511-a249-4e5f-bf78-c6f03e33a5e9,6,106524.39,2025-10-23,Partner,Pipeline,True,False
0f7ba2b3-8dc4-4fb8-83bc-5fe41df6d89c,Assimilated tertiary standardization Deal,c313d77f-f343-433c-9c71-d5384abe6695,e59b2c61-87cd-4584-a516-cf537e007e77,3,138460.56,2026-02-18,Referral,Best Case,False,False
e9f46cd7-8193-4af2-b635-c804bdf4c2ad,Re-contextualized non-volatile circuit Deal,add9bd66-a5d5-4342-92ab-1e9c008a6003,952ff225-55cf-4bb9-8fa5-a15a99370db1,1,162058.82,2025-07-27,Webinar,Closed,True,False
38e3a7db-8ff2-4aa1-a05b-fd6b054fc436,Ergonomic modular moratorium Deal,30394e4e-73e5-4164-a125-6c6d15fb0a1c,e3203511-a249-4e5f-bf78-c6f03e33a5e9,3,181847.75,2025-10-13,Inbound,Commit,False,False
e6704f2f-4aa8-4742-a50d-254a61e57bce,Pre-emptive 5thgeneration array Deal,2b0ab2ee-035d-4cab-9916-c9cee81221e5,d3b6c0c8-89c5-44d9-8eb3-8f1e65e3a809,6,74906.94,2025-07-12,Partner,Pipeline,True,False
fbbcd26f-930f-45ca-9e2f-fffbb6dd4eda,Robust directional adapter Deal,52d7184b-b74e-43fc-93e7-e18915fdf689,e59b2c61-87cd-4584-a516-cf537e007e77,6,180420.28,2025-04-10,Cold Outreach,Closed,True,False
cdd59db4-6dda-4cf2-ad4d-a5018227dc00,Adaptive full-range pricing structure Deal,2c5d0c16-3140-4147-b6d2-896dd3e0e28d,e59b2c61-87cd-4584-a516-cf537e007e77,3,119186.29,2025-09-29,Webinar,Pipeline,False,False
1cdf022d-83f3-4610-9ff3-02c59e35af8f,De-engineered global structure Deal,2b0ab2ee-035d-4cab-9916-c9cee81221e5,e3203511-a249-4e5f-bf78-c6f03e33a5e9,6,79425.5,2025-06-02,Inbound,Closed,True,False
a496ecca-54af-48fb-bb9d-89d56cd7c39a,Inverse analyzing adapter Deal,f2e88504-06ff-45be-ae68-2331dad9760f,4ac8ece6-da0f-4857-b691-10cf6dacca56,4,197502.36,2025-05-24,Cold Outreach,Best Case,False,False
e578cf2a-b253-49de-8662-61a78d29f008,Triple-buffered client-server time-frame Deal,97d4e685-6359-4fd7-873d-0a3538b8af50,d5890796-ac76-468e-92d8-09fd70046c44,6,16312.65,2025-05-14,Cold Outreach,Pipeline,True,False
2399dcd6-113c-4a54-94a6-d68ff03c5a57,Progressive high-level archive Deal,acccfa73-68c1-4f6a-9039-45ebf8ad58cc,4ac8ece6-da0f-4857-b691-10cf6dacca56,6,88734.9,2025-04-30,Webinar,Pipeline,True,False
06fdadfe-cfb6-42c5-9afc-ee2a13424730,Switchable hybrid parallelism Deal,86ed522f-be80-4c95-b681-a14460220c5c,459b46d9-0cd5-42f7-abf3-b24ed0094dda,1,178941.25,2025-08-04,Cold Outreach,Pipeline,False,False
15e135b2-b2fb-4de5-af07-d79f561d8f11,Innovative fresh-thinking challenge Deal,9ed38ecf-01f3-46e3-b09b-07225794de45,d3b6c0c8-89c5-44d9-8eb3-8f1e65e3a809,4,103150.61,2025-04-26,Inbound,Closed,True,False
f38b0174-4381-43af-8bfb-abfa02fb037f,Upgradable intermediate utilization Deal,8ed59a61-8764-4c36-8390-a96b95eb6f45,c80a00e5-95ef-44de-b514-aea8db6912a3,6,106456.24,2026-03-13,Webinar,Commit,True,False
8e95b4a7-301e-480f-9815-0dce2821edac,Pre-emptive solution-oriented functionalities Deal,293565a1-90e2-440c-bd1a-257e5373c6cf,e3203511-a249-4e5f-bf78-c6f03e33a5e9,2,37152.28,2025-11-09,Inbound,Pipeline,False,False
915c9035-2b55-4009-9224-f59c80c9a301,Realigned system-worthy pricing structure Deal,0ac4449b-a24f-4ac2-9462-5fc7ff19ed9e,d3b6c0c8-89c5-44d9-8eb3-8f1e65e3a809,6,9273.09,2025-05-23,Inbound,Closed,True,False
c8cbf35b-8103-4e00-8150-16fb756d7112,Face-to-face static parallelism Deal,9f1c04d0-aedd-4a4c-893d-8395f2873dff,e59b2c61-87cd-4584-a516-cf537e007e77,5,198962.65,2026-01-03,Inbound,Closed,True,True
e4057484-87e2-447d-84fe-aea93819fe12,Multi-tiered fault-tolerant superstructure Deal,0fac961e-1768-471c-810e-9a84fd0da2fe,d5890796-ac76-468e-92d8-09fd70046c44,4,79149.48,2026-01-13,Webinar,Commit,False,False
52be10d1-7f2b-4621-bdca-b081df11f4b0,De-engineered context-sensitive superstructure Deal,9f1c04d0-aedd-4a4c-893d-8395f2873dff,459b46d9-0cd5-42f7-abf3-b24ed0094dda,4,134024.59,2025-11-27,Referral,Commit,False,False
aa61474e-de95-48e1-8519-63fb709ad3f2,Total object-oriented infrastructure Deal,edcaa32a-661a-46a8-bafb-0c5051f0ce9e,4ac8ece6-da0f-4857-b691-10cf6dacca56,3,27232.45,2025-03-21,Cold Outreach,Closed,True,False
34a9f879-610f-4e34-9a3e-b6463488e38e,Visionary non-volatile alliance Deal,0fac961e-1768-471c-810e-9a84fd0da2fe,4ac8ece6-da0f-4857-b691-10cf6dacca56,3,36272.85,2026-01-26,Cold Outreach,Commit,False,False
